"""ID""",Thumbnail,Name,Type,"Attribute Set",SKU,Price,Quantity,Visibility,Status,Websites,Action
3401,https://master-7rqtwti-fejwvdfbssgmg.us-5.magentosite.cloud/media/catalog/product/cache/349954e840b7894e0619c9076a057af0/s/t/std16rbdda.jpg,"Sentra Reclining Wheelchair, Detachable Desk Arms, 16"" Seat",simple,98,std16rbdda,547.000000,0.0000,4,1,1," -"
5556,https://master-7rqtwti-fejwvdfbssgmg.us-5.magentosite.cloud/media/catalog/product/cache/349954e840b7894e0619c9076a057af0/1/0/10416-1.jpg,"Walking Crutches with Underarm Pad and Handgrip, Pediatric",simple,73,10416-1,32.000000,0.0000,1,1,1," -"
5557,https://master-7rqtwti-fejwvdfbssgmg.us-5.magentosite.cloud/media/catalog/product/cache/349954e840b7894e0619c9076a057af0/r/t/rtl10402.jpg,"Walking Crutches with Underarm Pad and Handgrip, Tall Adult",simple,73,rtl10402,33.000000,1000.0000,1,1,1," -"
5558,https://master-7rqtwti-fejwvdfbssgmg.us-5.magentosite.cloud/media/catalog/product/cache/349954e840b7894e0619c9076a057af0/1/0/10401-1.jpg,"Walking Crutches with Underarm Pad and Handgrip, Youth",simple,73,10401-1,33.990000,0.0000,1,1,1," -"
5559,https://master-7rqtwti-fejwvdfbssgmg.us-5.magentosite.cloud/media/catalog/product/cache/349954e840b7894e0619c9076a057af0/1/0/10401-1.jpg,"Walking Crutches with Underarm Pad and Handgrip",configurable,73,10401-1,34.000000,0.0000,4,1,1," -"
5560,https://master-7rqtwti-fejwvdfbssgmg.us-5.magentosite.cloud/media/catalog/product/cache/349954e840b7894e0619c9076a057af0/r/t/rtl8555.jpg,"All Purpose Rolling Shopping Utility Cart, Blue",simple,82,rtl8555,39.000000,0.0000,1,1,1," -"
5561,https://master-7rqtwti-fejwvdfbssgmg.us-5.magentosite.cloud/media/catalog/product/cache/349954e840b7894e0619c9076a057af0/r/t/rtl8554.jpg,"All Purpose Rolling Shopping Utility Cart, Green",simple,82,rtl8554,39.000000,1000.0000,1,1,1," -"
5562,https://master-7rqtwti-fejwvdfbssgmg.us-5.magentosite.cloud/media/catalog/product/cache/349954e840b7894e0619c9076a057af0/r/t/rtl8554__27819.1408251060.1280.1280.jpg,"All Purpose Rolling Shopping Utility Cart",configurable,82,RTL855,134.940000,0.0000,4,1,1," -"
5563,https://master-7rqtwti-fejwvdfbssgmg.us-5.magentosite.cloud/media/catalog/product/cache/349954e840b7894e0619c9076a057af0/1/3/13070.jpg,"Hamper Stand with Poly Coated Steel",simple,82,13070,123.000000,0.0000,4,1,1," -"
5564,https://master-7rqtwti-fejwvdfbssgmg.us-5.magentosite.cloud/media/catalog/product/cache/349954e840b7894e0619c9076a057af0/k/s/kst001.jpg,"Handy Utility Trolley",simple,82,kst001,74.950000,1000.0000,5,1,1," -"
5565,https://master-7rqtwti-fejwvdfbssgmg.us-5.magentosite.cloud/media/catalog/product/cache/349954e840b7894e0619c9076a057af0/1/3/13074.jpg,"Utility Cart with Baskets",simple,82,13074,198.000000,0.0000,4,1,1," -"
5566,https://master-7rqtwti-fejwvdfbssgmg.us-5.magentosite.cloud/media/catalog/product/cache/349954e840b7894e0619c9076a057af0/6/0/605b.jpg,"Winnie Wagon All Purpose Shopping Utility Cart, Black",simple,82,605MM-605b,59.540000,0.0000,1,1,1," -"
5567,https://master-7rqtwti-fejwvdfbssgmg.us-5.magentosite.cloud/media/catalog/product/cache/349954e840b7894e0619c9076a057af0/6/0/605r.jpg,"Winnie Wagon All Purpose Shopping Utility Cart, Red",simple,82,605r,35.000000,1000.0000,1,1,1," -"
5568,https://master-7rqtwti-fejwvdfbssgmg.us-5.magentosite.cloud/media/catalog/product/cache/349954e840b7894e0619c9076a057af0/6/0/605r.jpg,"Winnie Wagon All Purpose Shopping Utility Cart",configurable,82,605,59.540000,0.0000,4,1,1," -"
5571,https://master-7rqtwti-fejwvdfbssgmg.us-5.magentosite.cloud/media/catalog/product/cache/349954e840b7894e0619c9076a057af0/n/r/nrs185006_1.jpg,"Aluminum Shower Commode Chair",configurable,74,nrs18500m,760.000000,0.0000,4,1,1," -"
5572,https://master-7rqtwti-fejwvdfbssgmg.us-5.magentosite.cloud/media/catalog/product/cache/349954e840b7894e0619c9076a057af0/1/1/11130-1.jpg,"Bariatric Assembled Commode (DISCONTINUED)",simple,74,11130-1,169.000000,0.0000,5,1,1," -"
5573,https://master-7rqtwti-fejwvdfbssgmg.us-5.magentosite.cloud/media/catalog/product/cache/349954e840b7894e0619c9076a057af0/1/1/11135-1.jpg,"Deluxe Bariatric Drop-Arm Commode",simple,74,11135-1,220.000000,0.0000,4,1,1," -"
5574,https://master-7rqtwti-fejwvdfbssgmg.us-5.magentosite.cloud/media/catalog/product/cache/349954e840b7894e0619c9076a057af0/1/1/11138-1.jpg,"Bariatric Drop Arm Bedside Commode Seat",simple,74,11138-1,455.000000,0.0000,5,1,1," -"
5575,https://master-7rqtwti-fejwvdfbssgmg.us-5.magentosite.cloud/media/catalog/product/cache/349954e840b7894e0619c9076a057af0/1/1/11132-1.jpg,"Bariatric Extra Wide Drop Arm Bedside Commode Seat",simple,74,11132-1,494.000000,0.0000,5,1,1," -"
5576,https://master-7rqtwti-fejwvdfbssgmg.us-5.magentosite.cloud/media/catalog/product/cache/349954e840b7894e0619c9076a057af0/r/t/rtl11148kdr.jpg,"Folding Bedside Commode with Bucket and Splash Guard",simple,74,rtl11148kdr,64.950000,1000.0000,4,1,1," -"
5577,https://master-7rqtwti-fejwvdfbssgmg.us-5.magentosite.cloud/media/catalog/product/cache/349954e840b7894e0619c9076a057af0/1/1/11117n-1.jpg,"Heavy Duty Bariatric Folding Bedside Commode Seat",simple,74,11117n-1,105.000000,10000.0000,4,1,1," -"
5578,https://master-7rqtwti-fejwvdfbssgmg.us-5.magentosite.cloud/media/catalog/product/cache/349954e840b7894e0619c9076a057af0/1/1/11114kd-1.jpg,"Aluminum Shower Chair and Commode with Casters",simple,74,11114kd-1,155.000000,1000.0000,4,1,1," -"
5579,https://master-7rqtwti-fejwvdfbssgmg.us-5.magentosite.cloud/media/catalog/product/cache/349954e840b7894e0619c9076a057af0/1/1/11120kd-1.jpg,"Portable Upholstered Wheeled Drop Arm Bedside Commode, Chrome",simple,74,11120kd-1,260.410000,0.0000,5,1,1," -"
5580,https://master-7rqtwti-fejwvdfbssgmg.us-5.magentosite.cloud/media/catalog/product/cache/349954e840b7894e0619c9076a057af0/d/r/drive_medical_portable_upholstered_wheeled_drop_arm_bedside_commode111618_1.jpg,"Portable Upholstered Wheeled Drop Arm Bedside Commode, Silver Vein",simple,74,11120sv-1,154.000000,1000.0000,4,1,1," -"
5581,https://master-7rqtwti-fejwvdfbssgmg.us-5.magentosite.cloud/media/catalog/product/cache/349954e840b7894e0619c9076a057af0/d/r/drive_medical_portable_upholstered_wheeled_drop_arm_bedside_commode111618.jpg,"Portable Upholstered Wheeled Drop Arm Bedside Commode",configurable,74,1MM,260.410000,0.0000,4,1,1," -"
5582,https://master-7rqtwti-fejwvdfbssgmg.us-5.magentosite.cloud/media/catalog/product/cache/349954e840b7894e0619c9076a057af0/1/1/11125kd-1.jpg,"Steel Drop Arm Bedside Commode with Padded Arms",simple,74,11125kd-1,125.000000,150.0000,4,1,1," -"
5583,https://master-7rqtwti-fejwvdfbssgmg.us-5.magentosite.cloud/media/catalog/product/cache/349954e840b7894e0619c9076a057af0/1/1/11125pskd-1.jpg,"Steel Drop Arm Bedside Commode with Padded Seat & Arms",simple,74,11125pskd-1,140.000000,1000.0000,4,1,1," -"
5584,https://master-7rqtwti-fejwvdfbssgmg.us-5.magentosite.cloud/media/catalog/product/cache/349954e840b7894e0619c9076a057af0/1/1/11148-1.jpg,"Steel Folding Bedside Commode",simple,74,11148-1,54.950000,621.0000,4,1,1," -"
5585,https://master-7rqtwti-fejwvdfbssgmg.us-5.magentosite.cloud/media/catalog/product/cache/349954e840b7894e0619c9076a057af0/m/q/mq0049.jpg,"AIRIAL Pediatric Nebulizer Mask, Ellie the Elephant",simple,129,mq0049,16.000000,0.0000,5,1,1," -"
5586,https://master-7rqtwti-fejwvdfbssgmg.us-5.magentosite.cloud/media/catalog/product/cache/349954e840b7894e0619c9076a057af0/m/q/mq0047.jpg,"AIRIAL Pediatric Nebulizer Mask, Nic the Dragon",simple,129,mq0047,16.000000,0.0000,5,1,1," -"
5587,https://master-7rqtwti-fejwvdfbssgmg.us-5.magentosite.cloud/media/catalog/product/cache/349954e840b7894e0619c9076a057af0/m/q/mq0046.jpg,"AIRIAL Pediatric Nebulizer Mask, Spotz the Dog",simple,129,mq0046,16.000000,0.0000,5,1,1," -"
5588,https://master-7rqtwti-fejwvdfbssgmg.us-5.magentosite.cloud/media/catalog/product/cache/349954e840b7894e0619c9076a057af0/m/q/mq0048.jpg,"AIRIAL Pediatric Nebulizer Mask, Turtle, Infant",simple,129,mq0048,16.000000,0.0000,5,1,1," -"
5589,https://master-7rqtwti-fejwvdfbssgmg.us-5.magentosite.cloud/media/catalog/product/cache/349954e840b7894e0619c9076a057af0/m/q/mq0048.jpg,"AIRIAL Pediatric Nebulizer Mask",configurable,129,MQ00MM,9.060000,0.0000,5,1,1," -"
5590,https://master-7rqtwti-fejwvdfbssgmg.us-5.magentosite.cloud/media/catalog/product/cache/349954e840b7894e0619c9076a057af0/m/q/mq0081.jpg,"AIRIAL Spotz the Dog Mask with Meter Dose Inhaler Chamber",simple,129,mq0081,16.000000,0.0000,5,1,1," -"
5591,https://master-7rqtwti-fejwvdfbssgmg.us-5.magentosite.cloud/media/catalog/product/cache/349954e840b7894e0619c9076a057af0/b/1/b10345-001.jpg,"ComfortFit Deluxe Cushion for Full Face CPAP Mask, Large",simple,129,b10345-001,33.000000,0.0000,5,1,1," -"
5592,https://master-7rqtwti-fejwvdfbssgmg.us-5.magentosite.cloud/media/catalog/product/cache/349954e840b7894e0619c9076a057af0/b/1/b10344-001.jpg,"ComfortFit Deluxe Cushion for Full Face CPAP Mask, Medium",simple,129,b10344-001,33.000000,0.0000,5,1,1," -"
5593,https://master-7rqtwti-fejwvdfbssgmg.us-5.magentosite.cloud/media/catalog/product/cache/349954e840b7894e0619c9076a057af0/b/1/b10343-001.jpg,"ComfortFit Deluxe Cushion for Full Face CPAP Mask, Small",simple,129,b10343-001,33.000000,0.0000,5,1,1," -"
5594,https://master-7rqtwti-fejwvdfbssgmg.us-5.magentosite.cloud/media/catalog/product/cache/349954e840b7894e0619c9076a057af0/b/1/b10343-001.jpg,"ComfortFit Deluxe Cushion for Full Face CPAP Mask",configurable,129,B1034,50.960000,0.0000,5,1,1," -"
5595,https://master-7rqtwti-fejwvdfbssgmg.us-5.magentosite.cloud/media/catalog/product/cache/349954e840b7894e0619c9076a057af0/b/1/b11145-001.jpg,"ComfortFit Deluxe EZ Cushion for Full Face CPAP Mask, Large",simple,129,b11145-001,27.000000,0.0000,5,1,1," -"
5596,https://master-7rqtwti-fejwvdfbssgmg.us-5.magentosite.cloud/media/catalog/product/cache/349954e840b7894e0619c9076a057af0/b/1/b11144-001.jpg,"ComfortFit Deluxe EZ Cushion for Full Face CPAP Mask, Medium",simple,129,b11144-001,27.000000,0.0000,5,1,1," -"
5597,https://master-7rqtwti-fejwvdfbssgmg.us-5.magentosite.cloud/media/catalog/product/cache/349954e840b7894e0619c9076a057af0/b/1/b11143-001.jpg,"ComfortFit Deluxe EZ Cushion for Full Face CPAP Mask, Small",simple,129,b11143-001,27.000000,0.0000,5,1,1," -"
5598,https://master-7rqtwti-fejwvdfbssgmg.us-5.magentosite.cloud/media/catalog/product/cache/349954e840b7894e0619c9076a057af0/b/1/b11143-001.jpg,"ComfortFit Deluxe EZ Cushion for Full Face CPAP Mask",configurable,129,B1114,36.400000,0.0000,5,1,1," -"
5599,https://master-7rqtwti-fejwvdfbssgmg.us-5.magentosite.cloud/media/catalog/product/cache/349954e840b7894e0619c9076a057af0/1/0/100fdel-nh.jpg,"ComfortFit Deluxe EZ Full Face CPAP Mask without Headgear, Large",simple,129,100fdel-nh,53.000000,0.0000,5,1,1," -"
5600,https://master-7rqtwti-fejwvdfbssgmg.us-5.magentosite.cloud/media/catalog/product/cache/349954e840b7894e0619c9076a057af0/1/0/100fdem-nh.jpg,"ComfortFit Deluxe EZ Full Face CPAP Mask without Headgear, Medium",simple,129,100fdem-nh,53.000000,1000.0000,5,1,1," -"
5601,https://master-7rqtwti-fejwvdfbssgmg.us-5.magentosite.cloud/media/catalog/product/cache/349954e840b7894e0619c9076a057af0/1/0/100fdes-nh.jpg,"ComfortFit Deluxe EZ Full Face CPAP Mask without Headgear, Small",simple,129,100fdes-nh,53.000000,0.0000,5,1,1," -"
5602,https://master-7rqtwti-fejwvdfbssgmg.us-5.magentosite.cloud/media/catalog/product/cache/349954e840b7894e0619c9076a057af0/1/0/100fdes-nh.jpg,"ComfortFit Deluxe EZ Full Face CPAP Mask without Headgear",configurable,129,100FDE,109.160000,0.0000,5,1,1," -"
5603,https://master-7rqtwti-fejwvdfbssgmg.us-5.magentosite.cloud/media/catalog/product/cache/349954e840b7894e0619c9076a057af0/c/1/c10200-014.jpg,"ComfortFit Deluxe EZ Headgear for Full Face CPAP Mask",simple,129,c10200-014,34.000000,1000.0000,5,1,1," -"
5604,https://master-7rqtwti-fejwvdfbssgmg.us-5.magentosite.cloud/media/catalog/product/cache/349954e840b7894e0619c9076a057af0/1/0/100fdl-nh.jpg,"ComfortFit Deluxe Full Face CPAP Mask without Headgear, Large",simple,129,100fdl-nh,66.000000,0.0000,5,1,1," -"
5605,https://master-7rqtwti-fejwvdfbssgmg.us-5.magentosite.cloud/media/catalog/product/cache/349954e840b7894e0619c9076a057af0/1/0/100fdm-nh.jpg,"ComfortFit Deluxe Full Face CPAP Mask without Headgear, Medium",simple,129,100fdm-nh,66.000000,0.0000,5,1,1," -"
5606,https://master-7rqtwti-fejwvdfbssgmg.us-5.magentosite.cloud/media/catalog/product/cache/349954e840b7894e0619c9076a057af0/1/0/100fds-nh.jpg,"ComfortFit Deluxe Full Face CPAP Mask without Headgear, Small",simple,129,100fds-nh,66.000000,0.0000,5,1,1," -"
5607,https://master-7rqtwti-fejwvdfbssgmg.us-5.magentosite.cloud/media/catalog/product/cache/349954e840b7894e0619c9076a057af0/1/0/100fds-nh.jpg,"ComfortFit Deluxe Full Face CPAP Mask without Headgear",configurable,129,100FDSMM,141.920000,0.0000,5,1,1," -"
5608,https://master-7rqtwti-fejwvdfbssgmg.us-5.magentosite.cloud/media/catalog/product/cache/349954e840b7894e0619c9076a057af0/1/0/100fdl.jpg,"ComfortFit Deluxe Full Face CPAP Mask, Large",simple,129,100fdl,92.000000,0.0000,5,1,1," -"
5609,https://master-7rqtwti-fejwvdfbssgmg.us-5.magentosite.cloud/media/catalog/product/cache/349954e840b7894e0619c9076a057af0/1/0/100fdm.jpg,"ComfortFit Deluxe Full Face CPAP Mask, Medium",simple,129,100fdm,92.000000,150.0000,5,1,1," -"
5610,https://master-7rqtwti-fejwvdfbssgmg.us-5.magentosite.cloud/media/catalog/product/cache/349954e840b7894e0619c9076a057af0/1/0/100fds.jpg,"ComfortFit Deluxe Full Face CPAP Mask, Small",simple,129,100fds,92.000000,0.0000,5,1,1," -"
5611,https://master-7rqtwti-fejwvdfbssgmg.us-5.magentosite.cloud/media/catalog/product/cache/349954e840b7894e0619c9076a057af0/1/0/100fds.jpg,"ComfortFit Deluxe Full Face CPAP Mask",configurable,129,100fdsm,153.400000,0.0000,5,1,1," -"
5612,https://master-7rqtwti-fejwvdfbssgmg.us-5.magentosite.cloud/media/catalog/product/cache/349954e840b7894e0619c9076a057af0/c/1/c10200-018.jpg,"ComfortFit Deluxe Headgear for Full Face CPAP Mask",simple,129,c10200-018,27.000000,1000.0000,5,1,1," -"
5613,https://master-7rqtwti-fejwvdfbssgmg.us-5.magentosite.cloud/media/catalog/product/cache/349954e840b7894e0619c9076a057af0/1/0/100fdel.jpg,"ComfortFit EZ Sleep Apnea Full Face CPAP Mask, Large",simple,129,100FDEMM-100fdel,101.400000,0.0000,5,1,1," -"
5614,https://master-7rqtwti-fejwvdfbssgmg.us-5.magentosite.cloud/media/catalog/product/cache/349954e840b7894e0619c9076a057af0/1/0/100fdem.jpg,"ComfortFit EZ Sleep Apnea Full Face CPAP Mask, Medium",simple,129,100fdem,101.400000,130.0000,5,1,1," -"
5615,https://master-7rqtwti-fejwvdfbssgmg.us-5.magentosite.cloud/media/catalog/product/cache/349954e840b7894e0619c9076a057af0/1/0/100fdes.jpg,"ComfortFit EZ Sleep Apnea Full Face CPAP Mask, Small",simple,129,100FDEMM-100fdes,101.400000,0.0000,5,1,1," -"
5616,https://master-7rqtwti-fejwvdfbssgmg.us-5.magentosite.cloud/media/catalog/product/cache/349954e840b7894e0619c9076a057af0/1/0/100fdes.jpg,"ComfortFit EZ Sleep Apnea Full Face CPAP Mask",configurable,129,100FDEMM,101.400000,0.0000,5,1,1," -"
5617,https://master-7rqtwti-fejwvdfbssgmg.us-5.magentosite.cloud/media/catalog/product/cache/349954e840b7894e0619c9076a057af0/1/8/18203.jpg,"Extreme Comfort Full Face CPAP Mask",simple,129,18203,120.080000,0.0000,5,1,1," -"
5618,https://master-7rqtwti-fejwvdfbssgmg.us-5.magentosite.cloud/media/catalog/product/cache/349954e840b7894e0619c9076a057af0/1/8/18234.jpg,"Extreme Comfort Sleep Apnea Nasal CPAP Mask, Large",simple,129,18234,120.080000,0.0000,5,1,1," -"
5619,https://master-7rqtwti-fejwvdfbssgmg.us-5.magentosite.cloud/media/catalog/product/cache/349954e840b7894e0619c9076a057af0/1/8/18232.jpg,"Extreme Comfort Sleep Apnea Nasal CPAP Mask, Small",simple,129,18232,120.080000,1000.0000,5,1,1," -"
5620,https://master-7rqtwti-fejwvdfbssgmg.us-5.magentosite.cloud/media/catalog/product/cache/349954e840b7894e0619c9076a057af0/1/8/18232.jpg,"Extreme Comfort Sleep Apnea Nasal CPAP Mask",configurable,129,18232D,120.080000,0.0000,5,1,1," -"
5621,https://master-7rqtwti-fejwvdfbssgmg.us-5.magentosite.cloud/media/catalog/product/cache/349954e840b7894e0619c9076a057af0/m/q/mq0385.jpg,"Pediatric Pacifier Nebulizer Mask",simple,129,mq0385,18.000000,0.0000,5,1,1," -"
5622,https://master-7rqtwti-fejwvdfbssgmg.us-5.magentosite.cloud/media/catalog/product/cache/349954e840b7894e0619c9076a057af0/m/q/mq8100.jpg,"Spotz Mask with MDI Chamber",simple,129,mq8100,28.000000,150.0000,5,1,1," -"
5623,https://master-7rqtwti-fejwvdfbssgmg.us-5.magentosite.cloud/media/catalog/product/cache/349954e840b7894e0619c9076a057af0/c/p/cpap-tub-6.jpg,"CPAP Tube, 6'",simple,123,"cpap-tub 6",17.950000,1000.0000,4,1,1," -"
5624,https://master-7rqtwti-fejwvdfbssgmg.us-5.magentosite.cloud/media/catalog/product/cache/349954e840b7894e0619c9076a057af0/c/p/cpaptub6tl.jpg,"Trim Line CPAP Tube, 6'",simple,123,cpaptub6tl,16.000000,1000.0000,4,1,1," -"
5625,https://master-7rqtwti-fejwvdfbssgmg.us-5.magentosite.cloud/media/catalog/product/cache/349954e840b7894e0619c9076a057af0/1/4/14300.jpg,"Adjustable Tension Back Cushions for 16""-21"" Wheelchairs",simple,113,14300,108.000000,1670.0000,1,1,1," -"
5626,https://master-7rqtwti-fejwvdfbssgmg.us-5.magentosite.cloud/media/catalog/product/cache/349954e840b7894e0619c9076a057af0/1/4/14301.jpg,"Adjustable Tension Back Cushions for 22""-26"" Wheelchairs",simple,113,14301,106.000000,0.0000,1,1,1," -"
5627,https://master-7rqtwti-fejwvdfbssgmg.us-5.magentosite.cloud/media/catalog/product/cache/349954e840b7894e0619c9076a057af0/1/4/14301.jpg,"Adjustable Tension Back Cushion",configurable,113,1430,240.200000,0.0000,4,1,1," -"
5628,https://master-7rqtwti-fejwvdfbssgmg.us-5.magentosite.cloud/media/catalog/product/cache/349954e840b7894e0619c9076a057af0/8/0/8047-16-2.jpg,"Balanced Aire Adjustable Cushion - 16"" (W) x 16"" (D) x 2"" (H)",simple,113,8047-16-2,265.000000,0.0000,1,1,1," -"
5629,https://master-7rqtwti-fejwvdfbssgmg.us-5.magentosite.cloud/media/catalog/product/cache/349954e840b7894e0619c9076a057af0/8/0/8047-16.jpg,"Balanced Aire Adjustable Cushion - 16"" (W) x 16"" (D) x 2"" (H)",simple,113,8047-16,275.000000,146.0000,1,1,1," -"
5630,https://master-7rqtwti-fejwvdfbssgmg.us-5.magentosite.cloud/media/catalog/product/cache/349954e840b7894e0619c9076a057af0/8/0/8047-18-2.jpg,"Balanced Aire Adjustable Cushion - 18"" (W) x 16"" (D) x 2"" (H)",simple,113,8047-18-2,265.000000,269.0000,1,1,1," -"
5631,https://master-7rqtwti-fejwvdfbssgmg.us-5.magentosite.cloud/media/catalog/product/cache/349954e840b7894e0619c9076a057af0/8/0/8047-18.jpg,"Balanced Aire Adjustable Cushion - 18"" (W) x 16"" (D) x 4"" (H)",simple,113,8047-18,275.000000,0.0000,1,1,1," -"
5632,https://master-7rqtwti-fejwvdfbssgmg.us-5.magentosite.cloud/media/catalog/product/cache/349954e840b7894e0619c9076a057af0/8/0/8047-20-2.jpg,"Balanced Aire Adjustable Cushion - 20"" (W) x 16"" (D) x 2"" (H)",simple,113,8047-20-2,275.000000,0.0000,1,1,1," -"
5633,https://master-7rqtwti-fejwvdfbssgmg.us-5.magentosite.cloud/media/catalog/product/cache/349954e840b7894e0619c9076a057af0/8/0/8047-20.jpg,"Balanced Aire Adjustable Cushion - 20"" (W) x 16"" (D) x 4"" (H)",simple,113,8047-2,299.950000,0.0000,1,1,1," -"
5634,https://master-7rqtwti-fejwvdfbssgmg.us-5.magentosite.cloud/media/catalog/product/cache/349954e840b7894e0619c9076a057af0/8/0/8047-18_1.jpg,"Balanced Aire Adjustable Cushion",configurable,113,8047,299.950000,0.0000,4,1,1," -"
5635,https://master-7rqtwti-fejwvdfbssgmg.us-5.magentosite.cloud/media/catalog/product/cache/349954e840b7894e0619c9076a057af0/r/t/rtl1491com.jpg,"Compressed Coccyx Cushion",simple,113,rtl1491com,25.000000,1000.0000,4,1,1," -"
5636,https://master-7rqtwti-fejwvdfbssgmg.us-5.magentosite.cloud/media/catalog/product/cache/349954e840b7894e0619c9076a057af0/r/t/rtl1492com.jpg,"Compressed Foam Ring",simple,113,rtl1492com,24.950000,1000.0000,4,1,1," -"
5637,https://master-7rqtwti-fejwvdfbssgmg.us-5.magentosite.cloud/media/catalog/product/cache/349954e840b7894e0619c9076a057af0/r/t/rtl1493com.jpg,"Compressed Lumbar Cushion",simple,113,rtl1493com,26.950000,1000.0000,4,1,1," -"
5638,https://master-7rqtwti-fejwvdfbssgmg.us-5.magentosite.cloud/media/catalog/product/cache/349954e840b7894e0619c9076a057af0/r/t/rtl1494com.jpg,"Compressed Posture Support Cushion",simple,113,rtl1494com,26.950000,1000.0000,4,1,1," -"
5639,https://master-7rqtwti-fejwvdfbssgmg.us-5.magentosite.cloud/media/catalog/product/cache/349954e840b7894e0619c9076a057af0/8/0/8049-u1.jpg,"Convo-Gel Seat Cushion, 16"" x 16""",simple,113,8049-u1,43.000000,0.0000,5,1,1," -"
5640,https://master-7rqtwti-fejwvdfbssgmg.us-5.magentosite.cloud/media/catalog/product/cache/349954e840b7894e0619c9076a057af0/8/0/8049-u2.jpg,"Convo-Gel Seat Cushion, 16"" x 18""",simple,113,8049-u2,43.000000,0.0000,5,1,1," -"
5641,https://master-7rqtwti-fejwvdfbssgmg.us-5.magentosite.cloud/media/catalog/product/cache/349954e840b7894e0619c9076a057af0/8/0/8049-u3.jpg,"Convo-Gel Seat Cushion, 16"" x 20""",simple,113,8049-u3,43.000000,0.0000,5,1,1," -"
5642,https://master-7rqtwti-fejwvdfbssgmg.us-5.magentosite.cloud/media/catalog/product/placeholder/default/image_soon_45_2.jpg,"Convo-Gel Seat Cushion, 18"" x 20""",simple,113,8049-UMM-8049-u4,101.880000,0.0000,5,1,1," -"
5643,https://master-7rqtwti-fejwvdfbssgmg.us-5.magentosite.cloud/media/catalog/product/cache/349954e840b7894e0619c9076a057af0/8/0/8049-u5.jpg,"Convo-Gel Seat Cushion, 18"" x 22""",simple,113,8049-u5,61.000000,0.0000,5,1,1," -"
5644,https://master-7rqtwti-fejwvdfbssgmg.us-5.magentosite.cloud/media/catalog/product/cache/349954e840b7894e0619c9076a057af0/8/0/8049-u7.jpg,"Convo-Gel Seat Cushion, 18"" x 24""",simple,113,8049-u7,65.000000,150.0000,5,1,1," -"
5645,https://master-7rqtwti-fejwvdfbssgmg.us-5.magentosite.cloud/media/catalog/product/cache/349954e840b7894e0619c9076a057af0/8/0/8049-u9.jpg,"Convo-Gel Seat Cushion, 18"" x 26""",simple,113,8049-u9,79.000000,0.0000,5,1,1," -"
5646,https://master-7rqtwti-fejwvdfbssgmg.us-5.magentosite.cloud/media/catalog/product/cache/349954e840b7894e0619c9076a057af0/8/0/8049-u6.jpg,"Convo-Gel Seat Cushion, 20"" x 22""",simple,113,8049-u6,61.000000,0.0000,5,1,1," -"
5647,https://master-7rqtwti-fejwvdfbssgmg.us-5.magentosite.cloud/media/catalog/product/cache/349954e840b7894e0619c9076a057af0/8/0/8049-u8.jpg,"Convo-Gel Seat Cushion, 20"" x 24""",simple,113,8049-u8,65.000000,0.0000,5,1,1," -"
5648,https://master-7rqtwti-fejwvdfbssgmg.us-5.magentosite.cloud/media/catalog/product/cache/349954e840b7894e0619c9076a057af0/8/0/8049-u10.jpg,"Convo-Gel Seat Cushion, 20"" x 26""",simple,113,8049-u10,79.000000,0.0000,5,1,1," -"
5649,https://master-7rqtwti-fejwvdfbssgmg.us-5.magentosite.cloud/media/catalog/product/cache/349954e840b7894e0619c9076a057af0/8/0/8049-u10.jpg,"Convo-Gel Seat Cushion",configurable,113,CONOVG,196.520000,0.0000,5,1,1," -"
5650,https://master-7rqtwti-fejwvdfbssgmg.us-5.magentosite.cloud/media/catalog/product/cache/349954e840b7894e0619c9076a057af0/m/6/m6022.jpg,"Convoluted Foam Pad, 2"" Height",simple,113,m6022,26.000000,150.0000,1,1,1," -"
5651,https://master-7rqtwti-fejwvdfbssgmg.us-5.magentosite.cloud/media/catalog/product/cache/349954e840b7894e0619c9076a057af0/m/6/m6026.jpg,"Convoluted Foam Pad, 3"" Height",simple,113,m6025,32.000000,0.0000,5,1,1," -"
5652,https://master-7rqtwti-fejwvdfbssgmg.us-5.magentosite.cloud/media/catalog/product/cache/349954e840b7894e0619c9076a057af0/m/6/m6026.jpg,"Convoluted Foam Pad, 4"" Height",simple,113,m6026,37.000000,1000.0000,1,1,1," -"
5653,https://master-7rqtwti-fejwvdfbssgmg.us-5.magentosite.cloud/media/catalog/product/cache/349954e840b7894e0619c9076a057af0/m/6/m6026.jpg,"Convoluted Foam Pad",configurable,113,M6026,74.620000,0.0000,4,1,1," -"
5654,https://master-7rqtwti-fejwvdfbssgmg.us-5.magentosite.cloud/media/catalog/product/cache/349954e840b7894e0619c9076a057af0/1/4/14906.jpg,"Extreme Comfort General Use Wheelchair Back Cushion with Lumbar Support, 16""",simple,113,14906,38.000000,5044.0000,1,1,1," -"
5655,https://master-7rqtwti-fejwvdfbssgmg.us-5.magentosite.cloud/media/catalog/product/cache/349954e840b7894e0619c9076a057af0/1/4/14889.jpg,"Extreme Comfort General Use Wheelchair Back Cushion with Lumbar Support, 18""",simple,113,14889,49.280000,0.0000,1,1,1," -"
5656,https://master-7rqtwti-fejwvdfbssgmg.us-5.magentosite.cloud/media/catalog/product/cache/349954e840b7894e0619c9076a057af0/1/4/14920.jpg,"Extreme Comfort General Use Wheelchair Back Cushion with Lumbar Support, 20""",simple,113,14920,55.990000,0.0000,1,1,1," -"
5657,https://master-7rqtwti-fejwvdfbssgmg.us-5.magentosite.cloud/media/catalog/product/cache/349954e840b7894e0619c9076a057af0/1/4/14920.jpg,"Extreme Comfort General Use Wheelchair Back Cushion with Lumbar Support",configurable,113,14920,57.000000,0.0000,4,1,1," -"
5658,https://master-7rqtwti-fejwvdfbssgmg.us-5.magentosite.cloud/media/catalog/product/cache/349954e840b7894e0619c9076a057af0/r/t/rtl14910.jpg,"Foam Cushion, 3""",simple,113,rtl14910,30.000000,0.0000,3,1,1," -"
5659,https://master-7rqtwti-fejwvdfbssgmg.us-5.magentosite.cloud/media/catalog/product/cache/349954e840b7894e0619c9076a057af0/1/4/14887kit.jpg,"Foam Wheelchair Back and Seat Cushion Bundle (DISCONTINUED)",simple,113,14887kit,73.990000,0.0000,5,1,1," -"
5660,https://master-7rqtwti-fejwvdfbssgmg.us-5.magentosite.cloud/media/catalog/product/cache/349954e840b7894e0619c9076a057af0/d/r/drive-gel-e-2.jpg,"Gel ""E"" 2""",simple,113,14888,46.950000,4510.0000,4,1,1," -"
5661,https://master-7rqtwti-fejwvdfbssgmg.us-5.magentosite.cloud/media/catalog/product/cache/349954e840b7894e0619c9076a057af0/8/0/8046-1.jpg,"Gel-U-Seat Gel/Foam Cushion, 16"" x 16"" x 3""",simple,113,8046-1,38.000000,866.0000,1,1,1," -"
5662,https://master-7rqtwti-fejwvdfbssgmg.us-5.magentosite.cloud/media/catalog/product/cache/349954e840b7894e0619c9076a057af0/8/0/8046-2.jpg,"Gel-U-Seat Gel/Foam Cushion, 16"" x 18"" x 3""",simple,113,8046-2,38.000000,0.0000,1,1,1," -"
5663,https://master-7rqtwti-fejwvdfbssgmg.us-5.magentosite.cloud/media/catalog/product/cache/349954e840b7894e0619c9076a057af0/8/0/8046-3.jpg,"Gel-U-Seat Gel/Foam Cushion, 16"" x 20"" x 3""",simple,113,8046-3,40.000000,1034.0000,1,1,1," -"
5664,https://master-7rqtwti-fejwvdfbssgmg.us-5.magentosite.cloud/media/catalog/product/cache/349954e840b7894e0619c9076a057af0/8/0/8046-4.jpg,"Gel-U-Seat Gel/Foam Cushion, 18"" x 20"" x 3""",simple,113,8046-4,40.000000,0.0000,1,1,1," -"
5665,https://master-7rqtwti-fejwvdfbssgmg.us-5.magentosite.cloud/media/catalog/product/cache/349954e840b7894e0619c9076a057af0/8/0/8046-7.jpg,"Gel-U-Seat Gel/Foam Cushion, 18"" x 22"" x 3""",simple,113,8046-5,66.000000,0.0000,1,1,1," -"
5666,https://master-7rqtwti-fejwvdfbssgmg.us-5.magentosite.cloud/media/catalog/product/cache/349954e840b7894e0619c9076a057af0/8/0/8046-7.jpg,"Gel-U-Seat Gel/Foam Cushion, 18"" x 24"" x 3""",simple,113,8046-7,73.000000,0.0000,1,1,1," -"
5667,https://master-7rqtwti-fejwvdfbssgmg.us-5.magentosite.cloud/media/catalog/product/cache/349954e840b7894e0619c9076a057af0/8/0/8046-9.jpg,"Gel-U-Seat Gel/Foam Cushion, 18"" x 26"" x 3""",simple,113,8046-9,80.000000,0.0000,5,1,1," -"
5668,https://master-7rqtwti-fejwvdfbssgmg.us-5.magentosite.cloud/media/catalog/product/cache/349954e840b7894e0619c9076a057af0/8/0/8046-6.jpg,"Gel-U-Seat Gel/Foam Cushion, 20"" x 22"" x 3""",simple,113,8046-6,67.000000,0.0000,1,1,1," -"
5669,https://master-7rqtwti-fejwvdfbssgmg.us-5.magentosite.cloud/media/catalog/product/cache/349954e840b7894e0619c9076a057af0/8/0/8046-8.jpg,"Gel-U-Seat Gel/Foam Cushion, 20"" x 24"" x 3""",simple,113,8046-8,73.000000,0.0000,1,1,1," -"
5670,https://master-7rqtwti-fejwvdfbssgmg.us-5.magentosite.cloud/media/catalog/product/cache/349954e840b7894e0619c9076a057af0/8/0/8046-10.jpg,"Gel-U-Seat Gel/Foam Cushion, 20"" x 26"" x 3""",simple,113,8046-10,78.990000,0.0000,1,1,1," -"
5671,https://master-7rqtwti-fejwvdfbssgmg.us-5.magentosite.cloud/media/catalog/product/cache/349954e840b7894e0619c9076a057af0/8/0/8046-10.jpg,"Gel-U-Seat Gel/Foam Cushion",configurable,113,804610,80.000000,0.0000,3,1,1," -"
5672,https://master-7rqtwti-fejwvdfbssgmg.us-5.magentosite.cloud/media/catalog/product/cache/349954e840b7894e0619c9076a057af0/8/0/8040-1.jpg,"Gel-U-Seat Lite General Use Gel Cushion with Stretch Cover, 16"" x 16"" x 2""",simple,113,8040-1,35.000000,1583.0000,1,1,1," -"
5673,https://master-7rqtwti-fejwvdfbssgmg.us-5.magentosite.cloud/media/catalog/product/cache/349954e840b7894e0619c9076a057af0/8/0/8040-2.jpg,"Gel-U-Seat Lite General Use Gel Cushion with Stretch Cover, 16"" x 18"" x 2""",simple,113,8040-2,36.000000,5060.0000,1,1,1," -"
5674,https://master-7rqtwti-fejwvdfbssgmg.us-5.magentosite.cloud/media/catalog/product/cache/349954e840b7894e0619c9076a057af0/8/0/8040-3.jpg,"Gel-U-Seat Lite General Use Gel Cushion with Stretch Cover, 16"" x 20"" x 2""",simple,113,8040-3,39.000000,0.0000,1,1,1," -"
5675,https://master-7rqtwti-fejwvdfbssgmg.us-5.magentosite.cloud/media/catalog/product/cache/349954e840b7894e0619c9076a057af0/8/0/8040-6.jpg,"Gel-U-Seat Lite General Use Gel Cushion with Stretch Cover, 16"" x 22"" x 2""",simple,113,8040-6,57.000000,150.0000,5,1,1," -"
5676,https://master-7rqtwti-fejwvdfbssgmg.us-5.magentosite.cloud/media/catalog/product/cache/349954e840b7894e0619c9076a057af0/8/0/8040-8.jpg,"Gel-U-Seat Lite General Use Gel Cushion with Stretch Cover, 16"" x 24"" x 2""",simple,113,8040-8,61.000000,0.0000,1,1,1," -"
5677,https://master-7rqtwti-fejwvdfbssgmg.us-5.magentosite.cloud/media/catalog/product/cache/349954e840b7894e0619c9076a057af0/8/0/8040-5.jpg,"Gel-U-Seat Lite General Use Gel Cushion with Stretch Cover, 18"" x 18"" x 2""",simple,113,8040-5,38.000000,1016.0000,1,1,1," -"
5678,https://master-7rqtwti-fejwvdfbssgmg.us-5.magentosite.cloud/media/catalog/product/cache/349954e840b7894e0619c9076a057af0/8/0/8040-4.jpg,"Gel-U-Seat Lite General Use Gel Cushion with Stretch Cover, 18"" x 20"" x 2""",simple,113,8040-4,39.000000,0.0000,1,1,1," -"
5679,https://master-7rqtwti-fejwvdfbssgmg.us-5.magentosite.cloud/media/catalog/product/cache/349954e840b7894e0619c9076a057af0/8/0/8040-7.jpg,"Gel-U-Seat Lite General Use Gel Cushion with Stretch Cover, 18"" x 22"" x 2""",simple,113,8040-7,58.000000,0.0000,1,1,1," -"
5680,https://master-7rqtwti-fejwvdfbssgmg.us-5.magentosite.cloud/media/catalog/product/cache/349954e840b7894e0619c9076a057af0/8/0/8040-9.jpg,"Gel-U-Seat Lite General Use Gel Cushion with Stretch Cover, 18"" x 24"" x 2""",simple,113,8040-9,61.000000,0.0000,1,1,1," -"
5681,https://master-7rqtwti-fejwvdfbssgmg.us-5.magentosite.cloud/media/catalog/product/cache/349954e840b7894e0619c9076a057af0/8/0/8040-10.jpg,"Gel-U-Seat Lite General Use Gel Cushion with Stretch Cover, 20"" x 20"" x 2""",simple,113,8040-10,44.340000,100000.0000,1,1,1," -"
5682,https://master-7rqtwti-fejwvdfbssgmg.us-5.magentosite.cloud/media/catalog/product/cache/349954e840b7894e0619c9076a057af0/8/0/8040-10.jpg,"Gel-U-Seat Lite General Use Gel Cushion with Stretch Cover",configurable,113,GELUSEAT,40.000000,0.0000,4,1,1," -"
5683,https://master-7rqtwti-fejwvdfbssgmg.us-5.magentosite.cloud/media/catalog/product/cache/349954e840b7894e0619c9076a057af0/8/0/8033.jpg,"General Use Back Cushion with Lumbar Support",simple,113,8033,74.950000,611.0000,4,1,1," -"
5684,https://master-7rqtwti-fejwvdfbssgmg.us-5.magentosite.cloud/media/catalog/product/cache/349954e840b7894e0619c9076a057af0/8/0/8084.jpg,"Invalid Ring, 14""",simple,113,8084,25.000000,0.0000,5,1,1," -"
5685,https://master-7rqtwti-fejwvdfbssgmg.us-5.magentosite.cloud/media/catalog/product/cache/349954e840b7894e0619c9076a057af0/8/0/8085.jpg,"Invalid Ring, 16""",simple,113,8085,26.000000,0.0000,1,1,1," -"
5686,https://master-7rqtwti-fejwvdfbssgmg.us-5.magentosite.cloud/media/catalog/product/cache/349954e840b7894e0619c9076a057af0/8/0/8086.jpg,"Invalid Ring, 18""",simple,113,8086,28.990000,0.0000,1,1,1," -"
5687,https://master-7rqtwti-fejwvdfbssgmg.us-5.magentosite.cloud/media/catalog/product/cache/349954e840b7894e0619c9076a057af0/8/0/8086.jpg,"Invalid Ring",configurable,113,8086,30.000000,0.0000,4,1,1," -"
5688,https://master-7rqtwti-fejwvdfbssgmg.us-5.magentosite.cloud/media/catalog/product/cache/349954e840b7894e0619c9076a057af0/8/0/8083.jpg,"Lumbar Cushion",simple,113,8083,42.000000,150.0000,5,1,1," -"
5689,https://master-7rqtwti-fejwvdfbssgmg.us-5.magentosite.cloud/media/catalog/product/cache/349954e840b7894e0619c9076a057af0/1/4/14880.jpg,"Molded General Use 1 3/4"" Wheelchair Seat Cushion, 16"" Wide",simple,113,14880,37.000000,0.0000,1,1,1," -"
5690,https://master-7rqtwti-fejwvdfbssgmg.us-5.magentosite.cloud/media/catalog/product/cache/349954e840b7894e0619c9076a057af0/1/4/14887.jpg,"Molded General Use 1 3/4"" Wheelchair Seat Cushion, 18"" Wide",simple,113,14887,37.000000,0.0000,1,1,1," -"
5691,https://master-7rqtwti-fejwvdfbssgmg.us-5.magentosite.cloud/media/catalog/product/cache/349954e840b7894e0619c9076a057af0/1/4/14881.jpg,"Molded General Use 1 3/4"" Wheelchair Seat Cushion, 20"" Wide",simple,113,14881,44.990000,0.0000,1,1,1," -"
5692,https://master-7rqtwti-fejwvdfbssgmg.us-5.magentosite.cloud/media/catalog/product/cache/349954e840b7894e0619c9076a057af0/1/4/14881.jpg,"Molded General Use 1 3/4"" Wheelchair Seat Cushion",configurable,113,14881MM,45.000000,0.0000,3,1,1," -"
5693,https://master-7rqtwti-fejwvdfbssgmg.us-5.magentosite.cloud/media/catalog/product/cache/349954e840b7894e0619c9076a057af0/1/4/14907.jpg,"Molded General Use Wheelchair Cushion, 16"" Wide",simple,113,14907,37.000000,1000.0000,1,1,1," -"
5694,https://master-7rqtwti-fejwvdfbssgmg.us-5.magentosite.cloud/media/catalog/product/cache/349954e840b7894e0619c9076a057af0/1/4/14908.jpg,"Molded General Use Wheelchair Cushion, 18"" Wide",simple,113,14908,37.000000,0.0000,1,1,1," -"
5695,https://master-7rqtwti-fejwvdfbssgmg.us-5.magentosite.cloud/media/catalog/product/cache/349954e840b7894e0619c9076a057af0/1/4/14909.jpg,"Molded General Use Wheelchair Cushion, 20"" Wide",simple,113,14909,44.990000,0.0000,1,1,1," -"
5696,https://master-7rqtwti-fejwvdfbssgmg.us-5.magentosite.cloud/media/catalog/product/cache/349954e840b7894e0619c9076a057af0/1/4/14909.jpg,"Molded General Use Wheelchair Cushion",configurable,113,14909MM,45.000000,0.0000,3,1,1," -"
5697,https://master-7rqtwti-fejwvdfbssgmg.us-5.magentosite.cloud/media/catalog/product/cache/349954e840b7894e0619c9076a057af0/8/1/8160-p.jpg,"Pommel Wedge Cushion with Stretch Cover, 16"" x 16""",simple,113,8160-p,46.000000,0.0000,5,1,1," -"
5698,https://master-7rqtwti-fejwvdfbssgmg.us-5.magentosite.cloud/media/catalog/product/cache/349954e840b7894e0619c9076a057af0/8/1/8161-p.jpg,"Pommel Wedge Cushion with Stretch Cover",simple,113,8161-p,54.000000,10000.0000,5,1,1," -"
5699,https://master-7rqtwti-fejwvdfbssgmg.us-5.magentosite.cloud/media/catalog/product/cache/349954e840b7894e0619c9076a057af0/8/1/8162-p.jpg,"Pommel Wedge Cushion with Stretch Cover, 20"" x 16""",simple,113,8162-p,49.000000,0.0000,5,1,1," -"
5700,https://master-7rqtwti-fejwvdfbssgmg.us-5.magentosite.cloud/media/catalog/product/cache/349954e840b7894e0619c9076a057af0/8/1/8163-p.jpg,"Pommel Wedge Cushion with Stretch Cover, 22"" x 18""",simple,113,8163-p,52.000000,0.0000,5,1,1," -"
5701,https://master-7rqtwti-fejwvdfbssgmg.us-5.magentosite.cloud/media/catalog/product/cache/349954e840b7894e0619c9076a057af0/8/1/8163-p.jpg,"Pommel Wedge Cushion with Stretch Cover",configurable,113,8163P,131.000000,0.0000,5,1,1," -"
5702,https://master-7rqtwti-fejwvdfbssgmg.us-5.magentosite.cloud/media/catalog/product/cache/349954e840b7894e0619c9076a057af0/m/8/m8063.jpg,"Premier One Foam Cushion, 16"" x 16""",simple,113,m8063,28.000000,10000.0000,5,1,1," -"
5703,https://master-7rqtwti-fejwvdfbssgmg.us-5.magentosite.cloud/media/catalog/product/cache/349954e840b7894e0619c9076a057af0/m/8/m8064.jpg,"Premier One Foam Cushion, 18"" x 16""",simple,113,m8064,28.000000,0.0000,1,1,1," -"
5704,https://master-7rqtwti-fejwvdfbssgmg.us-5.magentosite.cloud/media/catalog/product/cache/349954e840b7894e0619c9076a057af0/m/8/m8065.jpg,"Premier One Foam Cushion, 20"" x 16""",simple,113,m8065,36.000000,150.0000,1,1,1," -"
5705,https://master-7rqtwti-fejwvdfbssgmg.us-5.magentosite.cloud/media/catalog/product/cache/349954e840b7894e0619c9076a057af0/m/8/m8070.jpg,"Premier One Foam Cushion, 20"" x 18""",simple,113,m8070,31.000000,150.0000,1,1,1," -"
5706,https://master-7rqtwti-fejwvdfbssgmg.us-5.magentosite.cloud/media/catalog/product/cache/349954e840b7894e0619c9076a057af0/m/8/m8076.jpg,"Premier One Foam Cushion, 22"" x 16""",simple,113,m8076,32.000000,0.0000,1,1,1," -"
5707,https://master-7rqtwti-fejwvdfbssgmg.us-5.magentosite.cloud/media/catalog/product/cache/349954e840b7894e0619c9076a057af0/m/8/m8077.jpg,"Premier One Foam Cushion, 22"" x 18""",simple,113,m8077,33.000000,0.0000,1,1,1," -"
5708,https://master-7rqtwti-fejwvdfbssgmg.us-5.magentosite.cloud/media/catalog/product/cache/349954e840b7894e0619c9076a057af0/m/8/m8078.jpg,"Premier One Foam Cushion, 22"" x 20""",simple,113,m8078,35.000000,0.0000,1,1,1," -"
5709,https://master-7rqtwti-fejwvdfbssgmg.us-5.magentosite.cloud/media/catalog/product/cache/349954e840b7894e0619c9076a057af0/m/8/m8079.jpg,"Premier One Foam Cushion, 24"" x 18""",simple,113,m8079,39.000000,0.0000,1,1,1," -"
5710,https://master-7rqtwti-fejwvdfbssgmg.us-5.magentosite.cloud/media/catalog/product/cache/349954e840b7894e0619c9076a057af0/m/8/m8080.jpg,"Premier One Foam Cushion, 24"" x 20""",simple,113,m8080,42.000000,0.0000,1,1,1," -"
5711,https://master-7rqtwti-fejwvdfbssgmg.us-5.magentosite.cloud/media/catalog/product/cache/349954e840b7894e0619c9076a057af0/m/8/m8081.jpg,"Premier One Foam Cushion, 26"" x 18""",simple,113,m8081,47.000000,0.0000,1,1,1," -"
5712,https://master-7rqtwti-fejwvdfbssgmg.us-5.magentosite.cloud/media/catalog/product/cache/349954e840b7894e0619c9076a057af0/m/8/m8082.jpg,"Premier One Foam Cushion, 26"" x 20""",simple,113,m8082,53.000000,0.0000,1,1,1," -"
5713,https://master-7rqtwti-fejwvdfbssgmg.us-5.magentosite.cloud/media/catalog/product/cache/349954e840b7894e0619c9076a057af0/m/8/m8082.jpg,"Premier One Foam Cushion",configurable,113,M8082,127.360000,0.0000,3,1,1," -"
5714,https://master-7rqtwti-fejwvdfbssgmg.us-5.magentosite.cloud/media/catalog/product/cache/349954e840b7894e0619c9076a057af0/1/4/14891.jpg,"Gel ""E"" 3 - 16"" x 16"" x 3""",simple,113,14891,55.000000,689.0000,1,1,1," -"
5715,https://master-7rqtwti-fejwvdfbssgmg.us-5.magentosite.cloud/media/catalog/product/cache/349954e840b7894e0619c9076a057af0/1/4/14886.jpg,"Gel ""E"" 3 - 18"" x 16"" x 3""",simple,113,14886,55.000000,6147.0000,1,1,1," -"
5716,https://master-7rqtwti-fejwvdfbssgmg.us-5.magentosite.cloud/media/catalog/product/cache/349954e840b7894e0619c9076a057af0/1/4/14894.jpg,"Gel ""E"" 3 - 20"" x 16"" x 3""",simple,113,14894,62.000000,1974.0000,1,1,1," -"
5717,https://master-7rqtwti-fejwvdfbssgmg.us-5.magentosite.cloud/media/catalog/product/cache/349954e840b7894e0619c9076a057af0/1/4/14902.jpg,"Gel ""E"" 3 - 22"" x 18"" x 3""",simple,113,14902,102.000000,10000.0000,1,1,1," -"
5718,https://master-7rqtwti-fejwvdfbssgmg.us-5.magentosite.cloud/media/catalog/product/cache/349954e840b7894e0619c9076a057af0/1/4/14903.jpg,"Gel ""E"" 3 - 24"" x 18"" x 3""",simple,113,14903,112.000000,0.0000,1,1,1," -"
5719,https://master-7rqtwti-fejwvdfbssgmg.us-5.magentosite.cloud/media/catalog/product/cache/349954e840b7894e0619c9076a057af0/d/r/drive-medical-gel-e-3.jpg,"Gel ""E"" 3",configurable,113,GELE,54.000000,0.0000,4,1,1," -"
5720,https://master-7rqtwti-fejwvdfbssgmg.us-5.magentosite.cloud/media/catalog/product/cache/349954e840b7894e0619c9076a057af0/f/p/fpt-1.jpg,"Titanium Gel/Foam Wheelchair Cushion, 16"" x 16""",simple,113,fpt-1,66.000000,0.0000,1,1,1," -"
5721,https://master-7rqtwti-fejwvdfbssgmg.us-5.magentosite.cloud/media/catalog/product/cache/349954e840b7894e0619c9076a057af0/f/p/fpt-2.jpg,"Titanium Gel/Foam Wheelchair Cushion, 16"" x 18""",simple,113,fpt-2,66.000000,150.0000,1,1,1," -"
5722,https://master-7rqtwti-fejwvdfbssgmg.us-5.magentosite.cloud/media/catalog/product/cache/349954e840b7894e0619c9076a057af0/f/p/fpt-3.jpg,"Titanium Gel/Foam Wheelchair Cushion, 16"" x 20""",simple,113,fpt-3,66.000000,1000.0000,1,1,1," -"
5723,https://master-7rqtwti-fejwvdfbssgmg.us-5.magentosite.cloud/media/catalog/product/cache/349954e840b7894e0619c9076a057af0/f/p/fpt-4.jpg,"Titanium Gel/Foam Wheelchair Cushion, 18"" x 22""",simple,113,fpt-4,76.010000,100000.0000,1,1,1," -"
5724,https://master-7rqtwti-fejwvdfbssgmg.us-5.magentosite.cloud/media/catalog/product/cache/349954e840b7894e0619c9076a057af0/f/p/fpt-6.jpg,"Titanium Gel/Foam Wheelchair Cushion, 18"" x 24""",simple,113,fpt-6,74.000000,0.0000,1,1,1," -"
5725,https://master-7rqtwti-fejwvdfbssgmg.us-5.magentosite.cloud/media/catalog/product/cache/349954e840b7894e0619c9076a057af0/f/p/fpt-5.jpg,"Titanium Gel/Foam Wheelchair Cushion, 20"" x 22""",simple,113,fpt-5,69.000000,10000.0000,5,1,1," -"
5726,https://master-7rqtwti-fejwvdfbssgmg.us-5.magentosite.cloud/media/catalog/product/cache/349954e840b7894e0619c9076a057af0/f/p/fpt-7.jpg,"Titanium Gel/Foam Wheelchair Cushion, 20"" x 24""",simple,113,fpt-7,75.000000,0.0000,1,1,1," -"
5727,https://master-7rqtwti-fejwvdfbssgmg.us-5.magentosite.cloud/media/catalog/product/cache/349954e840b7894e0619c9076a057af0/f/p/fpt-8.jpg,"Titanium Gel/Foam Wheelchair Cushion, 20"" x 26""",simple,113,fpt-8,80.000000,0.0000,1,1,1," -"
5728,https://master-7rqtwti-fejwvdfbssgmg.us-5.magentosite.cloud/media/catalog/product/cache/349954e840b7894e0619c9076a057af0/f/p/fpt-8.jpg,"Titanium Gel/Foam Wheelchair Cushion",configurable,113,FPT-8,181.960000,0.0000,3,1,1," -"
5729,https://master-7rqtwti-fejwvdfbssgmg.us-5.magentosite.cloud/media/catalog/product/cache/349954e840b7894e0619c9076a057af0/8/1/8133.jpg,"Wedge Cushion with Stretch Cover, 16""",simple,113,8133,35.000000,0.0000,5,1,1," -"
5730,https://master-7rqtwti-fejwvdfbssgmg.us-5.magentosite.cloud/media/catalog/product/cache/349954e840b7894e0619c9076a057af0/8/1/8134.jpg,"Wedge Cushion with Stretch Cover",simple,113,8134,45.000000,479.0000,4,1,1," -"
5731,https://master-7rqtwti-fejwvdfbssgmg.us-5.magentosite.cloud/media/catalog/product/cache/349954e840b7894e0619c9076a057af0/8/1/8135.jpg,"Wedge Cushion with Stretch Cover, 20""",simple,113,8135,37.990000,0.0000,5,1,1," -"
5732,https://master-7rqtwti-fejwvdfbssgmg.us-5.magentosite.cloud/media/catalog/product/cache/349954e840b7894e0619c9076a057af0/8/1/8135.jpg,"Wedge Cushion with Stretch Cover",configurable,113,8135W,38.000000,0.0000,5,1,1," -"
5733,https://master-7rqtwti-fejwvdfbssgmg.us-5.magentosite.cloud/media/catalog/product/cache/349954e840b7894e0619c9076a057af0/1/8/18147.jpg,"6 Cylinder Oxygen Carrier, M4 and M6 Cylinders",simple,9,18147,59.000000,0.0000,4,1,1," -"
5734,https://master-7rqtwti-fejwvdfbssgmg.us-5.magentosite.cloud/media/catalog/product/cache/349954e840b7894e0619c9076a057af0/1/8/18148.jpg,"6 Cylinder Oxygen Carrier, M9 Cylinders",simple,9,18148,59.000000,0.0000,4,1,1," -"
5735,https://master-7rqtwti-fejwvdfbssgmg.us-5.magentosite.cloud/media/catalog/product/cache/349954e840b7894e0619c9076a057af0/s/t/stds807.jpg,"Adjustable Universal Wheelchair Anti Tipper with Wheels, Black",simple,9,stds807,50.000000,500.0000,4,1,1," -"
5736,https://master-7rqtwti-fejwvdfbssgmg.us-5.magentosite.cloud/media/catalog/product/cache/349954e840b7894e0619c9076a057af0/s/t/stds808.jpg,"Adjustable Universal Wheelchair Anti Tipper with Wheels, Chrome",simple,9,stds808,50.000000,0.0000,4,1,1," -"
5737,https://master-7rqtwti-fejwvdfbssgmg.us-5.magentosite.cloud/media/catalog/product/cache/349954e840b7894e0619c9076a057af0/c/e/ce-1060.jpg,"Ankle Prompts for all Wenzelite Anterior and Posterior Safety Rollers",simple,9,"ce 1060",103.000000,0.0000,5,1,1," -"
5738,https://master-7rqtwti-fejwvdfbssgmg.us-5.magentosite.cloud/media/catalog/product/cache/349954e840b7894e0619c9076a057af0/t/k/tk-1060-l.jpg,"Ankle Prompts for TK 3000, Large",simple,9,"tk 1060 l",94.000000,0.0000,5,1,1," -"
5739,https://master-7rqtwti-fejwvdfbssgmg.us-5.magentosite.cloud/media/catalog/product/cache/349954e840b7894e0619c9076a057af0/t/k/tk-1060-m.jpg,"Ankle Prompts for TK 3000, Medium",simple,9,"tk 1060 m",94.000000,0.0000,5,1,1," -"
5740,https://master-7rqtwti-fejwvdfbssgmg.us-5.magentosite.cloud/media/catalog/product/cache/349954e840b7894e0619c9076a057af0/t/k/tk-1060-s.jpg,"Ankle Prompts for TK 3000, Small",simple,9,"tk 1060 s",94.000000,0.0000,5,1,1," -"
5741,https://master-7rqtwti-fejwvdfbssgmg.us-5.magentosite.cloud/media/catalog/product/cache/349954e840b7894e0619c9076a057af0/s/t/stds818.jpg,"Anti Tipper without Wheels",simple,9,stds818,59.000000,0.0000,4,1,1," -"
5742,https://master-7rqtwti-fejwvdfbssgmg.us-5.magentosite.cloud/media/catalog/product/cache/349954e840b7894e0619c9076a057af0/s/t/stds814.jpg,"Anti Tippers with Casters",simple,9,stds814,59.000000,0.0000,4,1,1," -"
5743,https://master-7rqtwti-fejwvdfbssgmg.us-5.magentosite.cloud/media/catalog/product/cache/349954e840b7894e0619c9076a057af0/s/t/stds802.jpg,"Anti Tippers with Wheels",simple,9,stds802,46.000000,0.0000,4,1,1," -"
5744,https://master-7rqtwti-fejwvdfbssgmg.us-5.magentosite.cloud/media/catalog/product/cache/349954e840b7894e0619c9076a057af0/s/t/stds2a4326.jpg,"Anti Tippers with Wheels for Cougar Wheelchairs",simple,9,stds2a4326,70.000000,0.0000,4,1,1," -"
5745,https://master-7rqtwti-fejwvdfbssgmg.us-5.magentosite.cloud/media/catalog/product/cache/349954e840b7894e0619c9076a057af0/s/t/stds838.jpg,"Anti-Tipper with Wheels for Cirrus IV Wheelchair",simple,9,stds838,42.000000,0.0000,4,1,1," -"
5746,https://master-7rqtwti-fejwvdfbssgmg.us-5.magentosite.cloud/media/catalog/product/cache/349954e840b7894e0619c9076a057af0/s/t/stds4y4712.jpg,"Anti-Tippers for Reclining Silver Sport Wheelchair",simple,9,stds4y4712,15.000000,0.0000,4,1,1," -"
5747,https://master-7rqtwti-fejwvdfbssgmg.us-5.magentosite.cloud/media/catalog/product/cache/349954e840b7894e0619c9076a057af0/8/5/850000128.jpg,"Automatic Door Opener Motion Sensor",simple,9,850000128,42.000000,0.0000,4,1,1," -"
5748,https://master-7rqtwti-fejwvdfbssgmg.us-5.magentosite.cloud/media/catalog/product/cache/349954e840b7894e0619c9076a057af0/8/5/850000165.jpg,"Automatic Door Opener Remote Control",simple,9,850000165,35.000000,0.0000,4,1,1," -"
5749,https://master-7rqtwti-fejwvdfbssgmg.us-5.magentosite.cloud/media/catalog/product/cache/349954e840b7894e0619c9076a057af0/c/r/crb-2000.jpg,"Back2Go Back Support",simple,9,"crb 2000",164.000000,0.0000,5,1,1," -"
5750,https://master-7rqtwti-fejwvdfbssgmg.us-5.magentosite.cloud/media/catalog/product/cache/349954e840b7894e0619c9076a057af0/1/3/13049sv.jpg,"Bariatric Heavy Duty Trapeze Bar, Silver Vein",simple,9,13049sv,1265.000000,0.0000,4,1,1," -"
5751,https://master-7rqtwti-fejwvdfbssgmg.us-5.magentosite.cloud/media/catalog/product/cache/349954e840b7894e0619c9076a057af0/7/8/780-basket.jpg,"Basket for Drive Medical 780 Knee Walkers",simple,9,"780 basket",26.950000,0.0000,5,1,1," -"
5752,https://master-7rqtwti-fejwvdfbssgmg.us-5.magentosite.cloud/media/catalog/product/cache/349954e840b7894e0619c9076a057af0/c/e/ce-1315.jpg,"Basket for use with Safety Rollers, Models CE 1000 B, CE 1000 BK, PE 1200",simple,9,"ce 1315",23.000000,0.0000,5,1,1," -"
5753,https://master-7rqtwti-fejwvdfbssgmg.us-5.magentosite.cloud/media/catalog/product/cache/349954e840b7894e0619c9076a057af0/c/e/ce-1315-xl.jpg,"Basket for use with Safety Rollers, Models CE OBESE XL, PE 1000 XL and CE 1000 XL",simple,9,"ce 1315 xl",24.000000,0.0000,5,1,1," -"
5754,https://master-7rqtwti-fejwvdfbssgmg.us-5.magentosite.cloud/media/catalog/product/cache/349954e840b7894e0619c9076a057af0/1/2/12950.jpg,"Bathtub Shower Mat",simple,9,12950,42.000000,3886.0000,4,1,1," -"
5755,https://master-7rqtwti-fejwvdfbssgmg.us-5.magentosite.cloud/media/catalog/product/cache/349954e840b7894e0619c9076a057af0/4/6/460900312.jpg,"Bellavita Comfort Cover, Blue",simple,9,460900312,92.000000,213.0000,4,1,1," -"
5756,https://master-7rqtwti-fejwvdfbssgmg.us-5.magentosite.cloud/media/catalog/product/cache/349954e840b7894e0619c9076a057af0/4/6/460900432.jpg,"Bellavita Comfort Cover, Gray",simple,9,460900432,92.000000,150.0000,4,1,1," -"